"estab_name","site_address.1","site_city.1","site_state.1","site_zip.1","owner_typef.1","nr_times_in_data.1","nr_violations.1","nr_instances_total.1","case_days_open_sum.1","case_days_open_mean.1","union_present_sum.1","union_not_present_sum.1","union_majority.1","insp_type_accidents_sum.1","insp_type_complaint_sum.1","insp_type_referral_sum.1","insp_type_followup_sum.1","insp_type_unprogrammed_sum.1","insp_type_planned_sum.1","insp_type_fat_cat.1","insp_scope_complete_sum.1","insp_scope_partial_sum.1","low_gravity_sum.1","mod_gravity_sum.1","high_gravity_sum.1","other_than_serious_sum.1","repeat_violations_sum.1","serious_violations_sum.1","avg_ppl_in_facility.1","total_exposed.1","iptotal.1","cptotal.1","ipavg.1","cpavg.1","fta_total.1","haz_string","standards_string"
"AKAL SECURITY","1115 N IMPERIAL AVE","EL CENTRO","CA","92243","PRIVATE",8,8,8,5112,639,8,0,1,0,8,0,0,0,0,0,0,8,0,0,0,8,0,0,190,0,1860,1050,232.5,175,0,NA,"5193, 3366, 3395, 3203"
"ALFRED J MCCOURTNEY JUVENILE JUSTICE CENTER","1040 W AVE J","LANCASTER","CA","93534","LOCAL GOVERNMENT",1,0,0,41,41,1,0,1,0,1,0,0,0,0,0,0,1,0,0,0,0,0,0,138,0,0,0,0,0,0,NA,NA
"ARAMARK CORRECTIONAL SERVICES LLC","5325 BRODER BLVD SANTA RITA JAIL","DUBLIN","CA","94568","PRIVATE",1,0,0,65,65,0,1,0,0,0,0,0,0,0,0,0,1,0,0,0,0,0,0,40,0,0,0,0,0,0,NA,NA
"AVENAL STATE PRISON","1 KINGS WAY","AVENAL","CA","93204","STATE GOVERNMENT",52,35,59,52903,1079.65,39,13,1,22,30,0,0,0,0,0,0,52,0,0,2,26,0,9,1526,685,127685,63295,3990.16,2877.05,0,NA,"3203, 5144, 461, 3364, 342, 3328, 4300, 4296, 5143, 3362, 23400017, 5142, 3272, 3395, 4214, 4203"
"BARRY J NIDORF JUVENILE HALL","16350 FILBERT ST","SYLMAR","CA","91342","LOCAL GOVERNMENT",15,13,21,13457,1345.7,14,1,1,0,10,5,0,0,0,0,0,15,5,0,0,13,0,0,2707,1136,6005,4570,461.92,380.83,0,NA,"5155, 3203, 3395, 5142, 14300040, 3362"
"BOB WILEY DETENTION FACILITY","36712 RD 112","VISALIA","CA","93291","LOCAL GOVERNMENT",1,0,0,175,175,1,0,1,0,1,0,0,0,0,0,0,1,0,0,0,0,0,0,900,0,0,0,0,0,0,NA,NA
"CA CORRECTIONAL CENTER SUSANVILLE","CROOKED ARROW ARCHERY RANGE","SUSANVILLE","CA","96127","STATE GOVERNMENT",1,0,0,86,86,0,1,0,0,1,0,0,0,0,0,0,1,0,0,0,0,0,0,100,0,0,0,0,0,0,NA,NA
"CA CORRECTIONAL HEALTHCARE SERVICES RECORDS CENTER","8300 VALDEZ AVE BLDG 5","SACRAMENTO","CA","95828","STATE GOVERNMENT",1,0,0,124,124,1,0,1,0,1,0,0,0,0,0,0,1,0,0,0,0,0,0,200,0,0,0,0,0,0,NA,NA
"CA CORRECTIONS ADULT PROGRAM","1515 S ST 4TH FLOOR","SACRAMENTO","CA","95811","STATE GOVERNMENT",1,0,0,143,143,1,0,1,0,1,0,0,0,0,0,0,1,0,0,0,0,0,0,10000,0,0,0,0,0,0,NA,NA
"CA CORRECTIONS BAKERSFIELD","2215 TRUXTUN AVE","BAKERSFIELD","CA","93301","STATE GOVERNMENT",7,7,7,2003,286.14,7,0,1,0,7,0,0,0,0,0,0,7,0,0,0,5,0,2,619,3,17250,11060,2464.29,1580,0,NA,"5199, 3203"
"CA CORRECTIONS CA REHAB CENTER CRC","11500 ARLINGTON AVE","RIVERSIDE","CA","92505","LOCAL GOVERNMENT",1,0,0,145,145,0,1,0,1,0,0,0,0,0,0,0,1,0,0,0,0,0,0,15,0,0,0,0,0,0,NA,NA
"CA CORRECTIONS CASTAIC","TEMPLIN HWY 5","CASTAIC","CA","91384","STATE GOVERNMENT",1,0,0,222,222,0,1,0,1,0,0,0,0,0,0,0,1,0,0,0,0,0,0,1600,0,0,0,0,0,0,NA,NA
"CA CORRECTIONS CENTRAL FILL PHARMACY","8364 ROVANA CIR","SACRAMENTO","CA","95828","STATE GOVERNMENT",3,3,3,1005,335,3,0,1,0,3,0,0,0,0,0,0,3,0,0,0,3,0,0,38,46,1495,775,498.33,258.33,0,NA,"3314, 3203, 4002"
"CA CORRECTIONS CHINO","16756 CHINO CORONA RD ","CHINO","CA","91708","STATE GOVERNMENT",3,2,2,646,215.33,2,1,1,0,3,0,0,0,0,0,0,3,2,0,0,2,0,0,3900,97,600,600,300,300,0,NA,"5194, 23400024"
"CA CORRECTIONS COALINGA","LOS GATOS CREEK RD AND DERRICK RD","COALINGA","CA","93210","STATE GOVERNMENT",1,0,0,41,41,0,1,0,1,0,0,0,0,0,0,0,1,0,0,0,0,0,0,65000,0,0,0,0,0,0,NA,NA
"CA CORRECTIONS CORONA","GREEN RIVER RD DOMINGUEZ RANCH RD","CORONA","CA","92877","STATE GOVERNMENT",1,0,0,111,111,0,1,0,1,0,0,0,0,0,0,0,1,0,0,0,0,0,0,200,0,0,0,0,0,0,NA,NA
"CA CORRECTIONS DIVISION OF ADULT PAROLE OPERATIONS","344 W 5TH ST","HANFORD","CA","93230","STATE GOVERNMENT",2,2,5,186,93,1,1,0,1,1,0,0,0,0,0,0,2,0,0,0,2,0,0,68,21,5375,5375,2687.5,2687.5,0,NA,"6151, 342"
"CA CORRECTIONS HEALTH CARE SERVICES","1310 E SHAW AVE","FRESNO","CA","93710","STATE GOVERNMENT",1,0,0,14,14,1,0,1,0,1,0,0,0,0,0,0,1,0,0,0,0,0,0,22,0,0,0,0,0,0,NA,NA
"CA CORRECTIONS HEMET","BUCK FIRE","HEMET","CA","92543","STATE GOVERNMENT",1,0,0,172,172,1,0,1,1,0,0,0,0,0,0,0,1,0,0,0,0,0,0,150,0,0,0,0,0,0,NA,NA
"CA CORRECTIONS HIGH DESERT STATE PRISON","APPROX 2 MILES N OF SOMES BAR ON ISHI PISHI RD ","ORLEANS","CA","95556","STATE GOVERNMENT",1,0,0,97,97,0,1,0,0,0,0,0,0,0,1,0,1,0,0,0,0,0,0,11,0,0,0,0,0,0,NA,NA
"CA CORRECTIONS HUMAN RESOURCES","1515 S ST STE 211S","SACRAMENTO","CA","95811","STATE GOVERNMENT",3,2,13,2490,830,3,0,1,0,2,0,0,0,0,0,0,3,0,0,0,2,0,0,507,162,375,375,187.5,187.5,0,NA,"3203, 14300029"
"CA CORRECTIONS INMATE WARD LABOR","5405 EUCALYPTUS AVE","CHINO","CA","91708","STATE GOVERNMENT",1,0,0,180,180,0,1,0,1,0,0,0,0,0,0,0,1,0,0,0,0,0,0,29,0,0,0,0,0,0,NA,NA
"CA CORRECTIONS IONE","4001 STATE HWY 104","IONE","CA","95640","STATE GOVERNMENT",6,2,2,436,72.67,6,0,1,0,6,0,0,0,0,0,0,6,0,2,0,2,0,0,3983,4,1480,1480,740,740,0,NA,"3203, 3362"
"CA CORRECTIONS LA CIMA CONSERVATION CAMP","15108 SUNRISE HWY","EL CAJON","CA","92021","STATE GOVERNMENT",1,1,1,602,602,0,1,0,0,0,0,0,0,0,0,0,1,0,1,0,1,0,0,80,80,365,250,365,250,0,NA,"3395"
"CA CORRECTIONS LONG BEACH","2165 E SPRING ST 3RD FLOOR","LONG BEACH","CA","90806","STATE GOVERNMENT",1,0,0,52,52,1,0,1,0,1,0,0,0,0,0,0,1,0,0,0,0,0,0,35,0,0,0,0,0,0,NA,NA
"CA CORRECTIONS LOS ANGELES","2444 S ALAMEDA ST","LOS ANGELES","CA","90058","STATE GOVERNMENT",5,5,8,7495,1499,5,0,1,0,5,0,0,0,0,0,0,5,0,0,0,5,0,0,140,428,2240,2240,448,448,0,NA,"3362, 3203, 6151, 5142"
"CA CORRECTIONS NEVADA CITY","11425 CONVERSATION CAMP RD","NEVADA CITY","CA","95959","STATE GOVERNMENT",1,0,0,104,104,0,1,0,0,0,0,0,0,0,0,0,1,0,0,0,0,0,0,100,0,0,0,0,0,0,NA,NA
"CA CORRECTIONS OFFICE OF BUSINESS SERVICES","10000 GOETHE RD C 1","SACRAMENTO","CA","95827","STATE GOVERNMENT",1,0,0,102,102,1,0,1,0,1,0,0,0,0,0,0,1,0,0,0,0,0,0,240,0,0,0,0,0,0,NA,NA
"CA CORRECTIONS PAROLE AND COMMUNITY SERVICES DIV","2222 G ST","FRESNO","CA","93706","STATE GOVERNMENT",1,1,1,258,258,1,0,1,0,1,0,0,0,0,0,0,1,0,0,0,1,0,0,80,2,240,240,240,240,0,NA,"23400017"
"CA CORRECTIONS PRESTON YOUTH CORRECTIONAL FACILITY","201 WATERMAN ST","IONE","CA","95640","STATE GOVERNMENT",1,0,0,179,179,1,0,1,0,1,0,0,0,0,0,0,1,0,0,0,0,0,0,100,0,0,0,0,0,0,NA,NA
"CA CORRECTIONS RANCHO CORDOVA","2015 AEROJET RD","RANCHO CORDOVA","CA","95742","STATE GOVERNMENT",2,0,0,245,122.5,2,0,1,0,2,0,0,0,0,0,0,2,0,0,0,0,0,0,162,0,0,0,0,0,0,NA,NA
"CA CORRECTIONS RIVERSIDE","1777 ATLANTA AVE SUITE G3","RIVERSIDE","CA","92507","STATE GOVERNMENT",2,2,11,168,84,2,0,1,0,2,0,0,0,0,0,0,2,0,1,1,2,0,0,86,15,1495,1495,747.5,747.5,0,NA,"25100004, 6151"
"CA CORRECTIONS SACRAMENTO","1515 S ST N BUILDING","SACRAMENTO","CA","95814","STATE GOVERNMENT",2,0,0,259,129.5,2,0,1,0,2,0,0,0,0,0,0,2,0,0,0,0,0,0,5300,0,0,0,0,0,0,NA,NA
"CA CORRECTIONS SANTA CLARITA","WAYSIDE CYN RD ONE MILE N OF TAPIA CYN RD","SANTA CLARITA","CA","91390","STATE GOVERNMENT",1,0,0,92,92,0,1,0,0,0,0,0,0,0,0,0,1,0,0,0,0,0,0,74,0,0,0,0,0,0,NA,NA
"CA CORRECTIONS SUISUN CITY","6246 LAMBY RD","SUISUN CITY","CA","94585","STATE GOVERNMENT",2,2,2,826,413,0,2,0,2,0,0,0,0,0,0,0,2,0,0,0,1,0,1,29,0,23000,5700,11500,2850,0,NA,"3241, 342"
"CA CORRECTIONS SUNLAND","12030 SUNLAND BLVD","SUNLAND","CA","91352","STATE GOVERNMENT",1,0,0,366,366,1,0,1,1,0,0,0,0,0,0,0,1,0,0,0,0,0,0,30000,0,0,0,0,0,0,NA,NA
"CA CORRECTIONS TRACY","23500 KASSON RD","TRACY","CA","95378","STATE GOVERNMENT",21,12,12,3035,178.53,17,4,1,5,15,0,0,0,0,0,0,21,4,2,1,11,0,1,957,740,23680.55,2850,1973.38,259.09,0,NA,"3203, 4075, 3314, 3364, 5143, 3328, 24730002, 5208"
"CA CORRECTIONS VALLEJO","1840 CAPITOL ST","VALLEJO","CA","94590","STATE GOVERNMENT",1,1,1,294,294,1,0,1,0,1,0,0,0,0,0,0,1,0,0,0,1,0,0,5000,0,1000,1000,1000,1000,0,NA,"5144"
"CA CORRECTIONS YUCAIPA","41100 PINE BENCH RD","YUCAIPA","CA","92399","LOCAL GOVERNMENT",1,0,0,54,54,1,0,1,1,0,0,0,0,0,0,0,1,0,0,0,0,0,0,30,0,0,0,0,0,0,NA,NA
"CA DEPT FORESTRY AND FIRE PROTECTION","INTERSECTION OF MORENO BEACH AND VIA DEL LAGO ","MORENO VALLEY","CA","92554","STATE GOVERNMENT",1,0,0,42,42,0,1,0,1,0,0,0,0,0,0,0,1,0,0,0,0,0,0,30,0,0,0,0,0,0,NA,NA
"CA DEPT OF FORESTRY AND FIRE PROTECTION","5440 LONGVIEW LN","GEORGETOWN","CA","95634","STATE GOVERNMENT",1,0,0,36,36,0,1,0,1,0,0,0,0,0,0,0,1,0,0,0,0,0,0,55,0,0,0,0,0,0,NA,NA
"CA DEPT OF STATE HOSPITALS","3102 E HIGHLAND AVE","PATTON","CA","92369","STATE GOVERNMENT",2,0,0,359,179.5,2,0,1,0,2,0,0,0,0,0,0,2,0,0,0,0,0,0,100,0,0,0,0,0,0,NA,NA
"CA FORENSIC MEDICAL GROUP INC","1410 NATIVIDAD RD","SALINAS","CA","93906","LOCAL GOVERNMENT",4,4,4,544,136,0,4,0,0,4,0,0,0,0,0,0,4,0,0,4,4,0,0,64,256,5400,5400,1350,1350,0,NA,"5193, 3203"
"CA INSTITUTION FOR WOMEN CIW","16756 CHINO CORONA RD ","FRONTERA","CA","91720","STATE GOVERNMENT",2,2,2,7806,3903,2,0,1,0,2,0,0,0,0,0,0,2,0,0,0,2,0,0,600,630,1250,875,625,875,0,NA,"3362, 5193"
"CA REHAB","470 RIO LINDO AVE STE 4","CHICO","CA","95926","STATE GOVERNMENT",1,0,0,124,124,1,0,1,0,1,0,0,0,0,0,0,1,0,0,0,0,0,0,22,0,0,0,0,0,0,NA,NA
"CA SUBSTANCE ABUSE TREATMENT FACILITY (SATF)","900 QUEBEC AVE","CORCORAN","CA","93212","STATE GOVERNMENT",43,24,27,11540,281.46,38,5,1,6,31,6,0,0,0,0,0,43,2,7,4,21,1,2,1642,13181,66200,55865,2758.33,2327.71,0,NA,"3203, 5199, 3380, 3314, 3362, 43000008, 3395, 5142, 342"
"CA YOUTH AUTHORITY FRED C NELLES CORRECTIONAL","11850 E WHITTIER BLVD","WHITTIER","CA","90601","PRIVATE",2,2,2,5390,2695,2,0,1,0,2,0,0,0,0,0,0,2,0,0,0,2,0,0,400,6,560,560,280,280,0,NA,"3210, 23400016"
"CAL FIRE HUMBOLDT DEL NORTE UNIT","2 MILES N OF SOMES BAR ON ISHI PISHI RD","SOMES BAR","CA","95568","STATE GOVERNMENT",1,0,0,97,97,0,1,0,0,0,0,0,0,0,0,0,1,0,0,0,0,0,0,101,0,0,0,0,0,0,NA,NA
"CAL FIRE SALT CREEK CONSERV CAMP","10655 ROUND VALLEY RD","PASKENTA","CA","96074","STATE GOVERNMENT",1,0,0,44,44,0,1,0,1,0,0,0,0,0,0,0,1,0,0,0,0,0,0,120,0,0,0,0,0,0,NA,NA
"CAL FIRE TRINITY RIVER CONSERVATION CAMP","3325 PETITE JOHN RD","LEWISTON","CA","96052","STATE GOVERNMENT",1,0,0,35,35,0,1,0,1,0,0,0,0,0,0,0,1,0,0,0,0,0,0,110,0,0,0,0,0,0,NA,NA
"CAL FIRE TRINITY RIVER CREW 4","DEADWOOD RD","LEWISTON","CA","96052","STATE GOVERNMENT",1,1,1,259,259,0,1,0,1,0,0,0,0,0,0,0,1,0,1,0,1,0,0,3000,1,420,225,420,225,0,NA,"3425"
"CAL FIRE VALLEY VIEW CAMP 34","HWY 162 AND COUNTRY RD 304","ELK CREEK","CA","95939","STATE GOVERNMENT",1,0,0,92,92,0,1,0,1,0,0,0,0,0,0,0,1,0,0,0,0,0,0,1000,0,0,0,0,0,0,NA,NA
"CALFIRE ALDER CONSERVATION CAMP","1400 ALDER CAMP R","KLAMATH","CA","95548","STATE GOVERNMENT",1,1,1,560,560,0,1,0,1,0,0,0,0,0,0,0,1,0,0,0,0,0,1,112,1,22500,22500,22500,22500,0,NA,"43000001"
"CALIFORNIA CORRECTIONAL INSTITUTION (CCI)","24900 HWY 202","TEHACHAPI","CA","93661","STATE GOVERNMENT",21,14,17,6345,317.25,21,0,1,0,21,0,0,0,0,0,7,14,0,2,0,14,0,0,1077,104,3955,2375,304.23,263.89,0,NA,"3272, 5157, 23400016, 3362, 5162, 3203, 3225, 3380, 5143, 3395"
"CALIFORNIA HEALTH CARE FACILITY (CHCF)","7707 AUSTIN RD","STOCKTON","CA","95215","STATE GOVERNMENT",9,1,1,697,77.44,3,6,0,0,9,0,0,0,0,0,0,9,0,0,0,1,0,0,1178,0,750,0,750,0,0,NA,"3365"
"CALIFORNIA INSTITUTION FOR MEN (CIM)","14901 S CENTRAL AVE","CHINO","CA","91708","STATE GOVERNMENT",59,50,87,93946,1739.74,56,3,1,15,23,0,0,0,20,0,0,59,6,4,0,43,3,4,702,5159,49910,35485,998.2,806.48,0,"1340 - Gasoline, 8880 - All Other Physical Hazards, 1430 - Hydrogen Chloride, 8870 - Electrical Shock","4650, 461, 5194, 3666, 5144, 3328, 25000007, 23400011, 5162, 14301, 3277, 5532, 3441, 3203, 3364, 3362, 3706, 3225, 14300007, 3273, 1541, 3395, 15410001, 3209, 5142, 25000008, 14300029, 5208, 23400013, 3662, 3668"
"CALIFORNIA INSTITUTION FOR WOMEN (CIW)","16756 CHINO CORONA RD","CORONA","CA","92880","STATE GOVERNMENT",35,32,784,35039,1347.65,35,0,1,16,12,0,0,0,0,0,0,34,0,3,16,25,0,7,810,194,86725,37925,2710.16,1185.16,0,NA,"5193, 5194, 3203, 23400016, 23400023, 3366, 3328, 1529, 5208, 3380, 3382, 5162, 1509, 342, 3363"
"CALIFORNIA MEDICAL FACILITY (CMF)","1600 CALIFORNIA DR","VACAVILLE","CA","95696","STATE GOVERNMENT",25,12,71,4923,196.92,19,6,1,1,23,0,0,0,0,0,0,25,0,0,5,12,0,0,1183,478,8385,5800,762.27,580,0,NA,"3203, 1529, 5162, 5194, 3362"
"CALIFORNIA MEN'S COLONY (CMC)","HWY 1","SAN LUIS OBISPO","CA","93409","STATE GOVERNMENT",12,11,12,6369,530.75,7,5,1,3,9,0,0,0,0,0,0,12,0,5,2,9,0,2,792,565,28160,26735,2560,2673.5,0,NA,"3362, 14300029, 3314, 3389, 5157, 5192, 1529, 5193, 5208"
"CALIFORNIA REHABILITATION CENTER (CRC)","5TH ST AND WESTERN AVE","NORCO","CA","92860","STATE GOVERNMENT",16,15,32,10088,630.5,13,3,1,13,3,0,0,0,0,0,0,16,0,0,4,13,0,2,1016,62,69095,30571,4606.33,2351.62,0,NA,"342, 3203, 5193, 5194, 3280, 3362, 5199, 3329, 3314, 43000001"
"CALIFORNIA STATE PRISON-LOS ANGELES COUNTY (LAC)","44750 6TH ST WEST","LANCASTER","CA","93536","STATE GOVERNMENT",15,12,19,3160,316,13,2,1,4,11,0,0,0,0,0,2,13,2,2,5,11,0,1,1236,3037,13945,9860,1162.08,821.67,0,NA,"5110, 14300029, 5193, 3273, 5162, 3203, 3395"
"CALIFORNIA STATE PRISON, CORCORAN (COR)","4001 KING AVE","CORCORAN","CA","93212","STATE GOVERNMENT",46,30,30,11138,242.13,29,17,1,12,31,0,0,0,0,0,0,46,9,11,7,29,0,1,3254,3299,22755,17805,758.5,613.97,0,NA,"3203, 342, 23400017, 3362, 3273, 3328, 1509, 1730, 3395, 5142, 3210, 6184, 3221, 3380, 5194"
"CALIFORNIA STATE PRISON, SACRAMENTO (SAC)","100 PRISON RD","REPRESA","CA","95671","STATE GOVERNMENT",7,3,3,1419,202.71,4,3,1,2,5,0,0,0,0,0,0,7,0,2,1,3,0,0,1421,511,1675,1375,558.33,458.33,0,NA,"5144, 1592, 3362"
"CALIFORNIA STATE PRISON, SOLANO (SOL)","2100 PEABODY RD","VACAVILLE","CA","95696","STATE GOVERNMENT",29,22,66,9560,329.66,23,6,1,3,25,0,0,0,1,0,0,29,0,0,2,21,0,1,955,401,17805,12185,890.25,716.76,0,NA,"5143, 5153, 5110, 5142, 3328, 5085, 3203, 3362, 2940, 3999, 23400012, 3996, 3276, 43000009, 5194"
"CALIPATRIA STATE PRISON","7018 BLAIR RD","CALIPATRIA","CA","92233","STATE GOVERNMENT",13,12,1143,8023,617.15,10,3,1,10,3,0,0,0,0,0,0,13,0,1,0,9,0,3,1853,1962,23210,15900,1934.17,1590,0,NA,"3395, 5193, 23400023, 3203, 3278"
"CCC SHERIFFS WEST COUNTY DETENTION FACILITY","5555 GIANT HWY","RICHMOND","CA","94805","LOCAL GOVERNMENT",1,1,1,67,67,1,0,1,0,1,0,0,0,0,0,0,1,0,0,0,1,0,0,60,16,0,0,0,0,0,NA,"3362"
"CENTINELA STATE PRISON (CEN)","2302 BROWN RD","IMPERIAL","CA","92251","STATE GOVERNMENT",17,16,16,17875,1276.79,17,0,1,0,12,0,4,0,1,0,0,17,2,1,0,16,0,0,30806,18,4000,2895,250,263.18,15575,NA,"14300032, 5144, 5194, 3395, 5162, 3273"
"CENTRAL CALIFORNIA WOMEN'S FACILITY (CCFW)","23370 RD 22","CHOWCHILLA","CA","93610","STATE GOVERNMENT",3,3,5,1184,592,3,0,1,2,1,0,0,0,0,0,0,3,0,0,0,2,0,1,867,44,13620,7885,4540,2628.33,0,NA,"3203, 3362, 342"
"CHALLENGER MEMORIAL YOUTH CENTER","5300 W AVE I","LANCASTER","CA","93536","LOCAL GOVERNMENT",3,3,6,0,NA,2,1,1,0,3,0,0,0,0,0,0,3,0,1,0,3,0,0,2833,23,1965,1965,655,655,0,NA,"5142, 3272, 3203"
"CHUCKAWALLA VALLEY STATE PRISON (CVSP)","19025 WILEYS WELL RD","BLYTHE","CA","92225","STATE GOVERNMENT",6,5,6,6310,1262,5,1,1,2,4,0,0,0,0,0,0,6,0,0,2,1,0,4,865,13,44775,26775,8955,6693.75,0,NA,"3395, 3210, 3276, 3314, 3203"
"CONTRA COSTA COUNTY HS AND SO DEPTS","1000 WARD ST","MARTINEZ","CA","94553","LOCAL GOVERNMENT",3,3,8,2025,675,3,0,1,3,0,0,0,0,0,0,0,3,0,0,0,1,0,2,300,60,14060,5060,4686.67,5060,0,NA,"3203"
"CORRECTIONAL ALTERNATIVES","551 S 35TH ST BLDG E","SAN DIEGO","CA","92113","LOCAL GOVERNMENT",3,3,4,3147,1049,0,3,0,3,0,0,0,0,0,0,0,3,0,0,0,3,0,0,101,10,5750,3300,1916.67,1100,0,NA,"342, 3203, 3328"
"COUNTY OF LA PROBATION DEPT","11234 E VALLEY BLVD 3RD FLOOR","EL MONTE","CA","91731","LOCAL GOVERNMENT",4,4,4,2138,534.5,4,0,1,0,0,0,2,0,2,0,0,4,0,0,0,3,1,0,70,281,8600,3950,2150,987.5,0,NA,"3362, 3203"
"COUNTY OF LAKE SHERRIFS DEPT","4913 HELBUSH DR","LAKEPORT","CA","95453","LOCAL GOVERNMENT",5,5,5,685,137,5,0,1,0,5,0,0,0,0,0,0,5,0,0,0,5,0,0,164,138,1305,1305,261,261,0,NA,"5199, 3362, 5142"
"COUNTY OF NAPA DEPT OF CORRECTIONS","1125 3RD ST","NAPA","CA","94559","LOCAL GOVERNMENT",1,0,0,30,30,0,1,0,0,1,0,0,0,0,0,0,1,0,0,0,0,0,0,100,0,0,0,0,0,0,NA,NA
"COUNTY OF RIVERSIDE PROBATION DEPT","3933 HARRISON ST","RIVERSIDE","CA","92503","LOCAL GOVERNMENT",1,0,0,154,154,1,0,1,0,1,0,0,0,0,0,0,1,0,0,0,0,0,0,131,0,0,0,0,0,0,NA,NA
"COUNTY OF SACRAMENTO RCCC","12500 BRUCEVILLE RD","ELK GROVE","CA","95757","LOCAL GOVERNMENT",4,4,4,836,209,0,4,0,0,4,0,0,0,0,0,0,4,0,0,0,4,0,0,200,4,2400,2400,600,600,0,NA,"3362, 3234"
"COUNTY OF SAN LUIS OBISPO DEPT OF GENERAL SERVICES","K ST AND 13TH","SAN MIGUEL","CA","93451","LOCAL GOVERNMENT",3,3,3,0,NA,0,3,0,3,0,0,0,0,0,0,0,3,0,0,0,3,0,0,101,3,745,560,248.33,280,0,NA,"3203, 3395, 3389"
"COUNTY OF SANTA CLARA JUVENILE PROBATION","840 GUADALUPE PKWY","SAN JOSE","CA","95110","LOCAL GOVERNMENT",1,1,1,142,142,1,0,1,0,1,0,0,0,0,0,0,1,0,0,0,1,0,0,500,1,400,0,400,0,0,NA,"3362"
"DEL NORTE CO SHERIFFS DEPT","650 5TH ST","CRESCENT CITY","CA","95531","LOCAL GOVERNMENT",1,0,0,49,49,1,0,1,1,0,0,0,0,0,0,0,1,0,0,0,0,0,0,50,0,0,0,0,0,0,NA,NA
"DEPARTMENT OF STATE HOSPITALS - COALINGA","24511 W JAYNE AVE","COALINGA","CA","93210","STATE GOVERNMENT",1,0,0,74,74,1,0,1,0,0,1,0,0,0,0,0,1,0,0,0,0,0,0,500,0,0,0,0,0,0,NA,NA
"DEPT OF CORRECTION CAL FIRE","14467 CENTRAL AVE","CHINO","CA","91710","STATE GOVERNMENT",1,1,1,576,576,0,1,0,1,0,0,0,0,0,0,0,1,0,0,0,1,0,0,7000,1,400,0,400,0,0,NA,"43000001"
"DEUEL VOCATIONAL INSTITUTION (DVI)","NO TRANS HUB 23500 KASSON RD","TRACY","CA","95304","STATE GOVERNMENT",20,8,50,5045,252.25,18,2,1,3,17,0,0,0,0,0,0,20,0,0,0,7,0,1,850,184,31780,13655,3972.5,1950.71,0,NA,"342, 3203, 3272, 3362, 5142, 5144, 5097"
"DEVIL'S GARDEN CONSERVATION CAMP #40","DEVILS GARDEN HOWARD GULCH CAMPGROUNDS","ALTURAS","CA","96101","STATE GOVERNMENT",2,0,0,216,108,0,2,0,2,0,0,0,0,0,0,0,2,0,0,0,0,0,0,75,0,0,0,0,0,0,NA,NA
"EL DORADO COUNTY SHERIFFS OFFICE","300 FORNI RD","PLACERVILLE","CA","95667","LOCAL GOVERNMENT",1,0,0,120,120,1,0,1,0,1,0,0,0,0,0,0,1,0,0,0,0,0,0,100,0,0,0,0,0,0,NA,NA
"ELMWOOD CORRECTIONAL COMPLEX","701 S ABEL ST","MILPITAS","CA","95035","LOCAL GOVERNMENT",2,1,1,177,88.5,2,0,1,0,2,0,0,0,0,0,0,2,0,0,1,1,0,0,270,2,800,800,800,800,0,NA,"4002"
"FCI DUBLIN","5701 8TH ST CAMP PARKS","DUBLIN","CA","94568","FEDERAL GOVERNMENT",10,6,11,562,56.2,10,0,1,0,9,0,0,1,0,0,0,10,2,4,0,0,1,5,205,236,0,0,0,0,0,NA,"19100305, 19100303, 19100024, 19100132"
"FCI DUBLIN CAMP","5765 8TH STCAMP PARKS","DUBLIN","CA","94568","FEDERAL GOVERNMENT",7,7,17,1369,195.57,7,0,1,0,7,0,0,0,0,0,0,7,0,4,2,1,0,6,249,282,0,0,0,0,0,NA,"19100037, 19100178, 19100132, 19261101"
"FCI LOMPOC","3600 GUARD RD","LOMPOC","CA","93436","FEDERAL GOVERNMENT",5,5,5,420,84,5,0,1,0,0,0,0,0,5,0,0,5,0,4,0,1,0,4,445,17,0,0,0,0,0,NA,"19100212, 19100253, 19100303"
"FCI MENDOTA CAMP","33500 W CALIFORNIA AVE","MENDOTA","CA","93640","FEDERAL GOVERNMENT",8,8,8,524,65.5,8,0,1,0,8,0,0,0,0,0,0,8,0,7,0,1,0,7,159,35,0,0,0,0,0,NA,"19100132, 19100333, 19100022, 19100305"
"FEDERAL BUREAU OF PRISONS FCI TERMINAL ISLAND","1299 S SEASIDE AVE","TERMINAL ISLAND","CA","90731","FEDERAL GOVERNMENT",3,3,3,480,160,3,0,1,0,0,0,0,0,0,1,0,3,0,0,2,1,0,2,300,31,0,0,0,0,0,NA,"19600008, 19600059, 19040039"
"FEDERAL BUREAU OF PRISONS MCC SAN DIEGO","808 UNION ST","SAN DIEGO","CA","92101","FEDERAL GOVERNMENT",9,9,13,1380,153.33,9,0,1,0,7,0,0,0,0,0,0,9,1,6,0,1,1,7,293,703,0,0,0,0,0,NA,"19100141, 19100157, 19100036, 19100305, 19100303, 19100037, 19040040"
"FOLSOM STATE PRISON (FSP)","300 PRISON RD","REPRESA","CA","95671","STATE GOVERNMENT",14,5,1121,838,83.8,11,3,1,1,11,0,0,0,0,0,0,14,0,0,0,3,0,2,900,2211,21935,12750,4387,2550,0,NA,"342, 3203, 2940"
"FRESNO COUNTY JUVENILE JUSTICE CAMPUS","3333 E AMERICAN AVE","FRESNO","CA","93725","LOCAL GOVERNMENT",1,1,1,0,NA,1,0,1,0,1,0,0,0,0,0,0,1,0,1,0,1,0,0,240,80,560,560,560,560,0,NA,"5142"
"FRESNO COUNTY MAIN DETENTION FACILITY","2550 M ST","FRESNO","CA","93721","LOCAL GOVERNMENT",6,3,3,752,125.33,6,0,1,0,5,0,0,0,0,0,0,6,0,0,1,3,0,0,494,606,1495,1495,498.33,498.33,0,NA,"23400016, 5193, 3342"
"FRESNO COUNTY SHERIFFS DEPT","7633 N WEBER","FRESNO","CA","93722","LOCAL GOVERNMENT",1,0,0,161,161,1,0,1,1,0,0,0,0,0,0,0,1,0,0,0,0,0,0,7400,0,0,0,0,0,0,NA,NA
"HEMAN G STARK YOUTH CORRECTIONAL FACILITY","15180 S EUCLID AVE","CHINO","CA","91710","PRIVATE",2,2,3,5964,2982,2,0,1,0,2,0,0,0,0,0,0,2,0,0,0,1,0,1,600,5,5245,185,2622.5,185,0,NA,"4559, 3273"
"HERLONG FCI CAMP","741 925 HERLONG ACCESS RD A 25","HERLONG","CA","96113","FEDERAL GOVERNMENT",10,9,13,765,76.5,9,1,1,0,3,0,0,1,6,0,10,0,0,6,0,3,1,5,300,66,0,0,0,0,0,NA,"19100178, 19100215, 19100037, 19100212, 19100145, 19100303, 19100023"
"HIGH DESERT STATE PRISON (HDSP)","475 750 RICE CANYON RD","SUSANVILLE","CA","96130","STATE GOVERNMENT",12,10,35,3907,325.58,12,0,1,5,7,0,0,0,0,0,0,12,2,3,1,9,0,1,1588,74,17945,11195,1794.5,1243.89,0,NA,"5141, 5155, 5194, 3362, 4184, 5162, 3366, 3650"
"HUMBOLDT SHERIFFS OFFICE WORK DETAIL PROGRAM","2240 WATSON DR","EUREKA","CA","95501","LOCAL GOVERNMENT",2,2,2,1552,776,0,2,0,2,0,0,0,0,0,0,0,2,0,0,2,1,0,1,110,21,23250,10800,11625,5400,0,NA,"3203, 4000"
"IRONWOOD STATE PRISON (ISP)","19005 WILEYW WELL RD","BLYTHE","CA","92226","STATE GOVERNMENT",13,9,22,6865,686.5,12,1,1,5,8,0,0,0,0,0,0,13,0,0,2,7,0,2,1087,147,39750,19550,4416.67,3910,0,NA,"5144, 5199, 3273, 3395, 3203"
"JOHN LATORRACA CORRECTIONAL FACILITY","2584 W SANDY MUSH RD","EL NIDO","CA","95317","LOCAL GOVERNMENT",5,5,5,0,NA,5,0,1,0,5,0,0,0,0,0,0,5,0,0,4,5,0,0,60,280,2200,800,440,160,0,NA,"3220, 5162, 5194, 43000032"
"KERN VALLEY STATE PRISON (KVSP)","3000 W CECIL AVE","DELANO","CA","93215","STATE GOVERNMENT",8,3,7,737,92.12,8,0,1,1,7,0,0,0,0,0,0,8,1,0,0,3,0,0,1575,11,705,520,235,173.33,0,NA,"3203, 43000032"
"LA COUNTY ISD","42220 NLAKE HUGHES RD","LAKE HUGHES","CA","93532","LOCAL GOVERNMENT",2,2,2,10740,5370,2,0,1,2,0,0,0,0,0,0,0,2,0,0,0,2,0,0,10000,2,1310,1310,655,655,0,NA,"3203, 3328"
"LA COUNTY SHERIFFS MENS CENTRAL JAIL","441 BAUCHET ST","LOS ANGELES","CA","90012","LOCAL GOVERNMENT",9,9,10,1792,199.11,9,0,1,4,5,0,0,0,0,0,0,9,0,0,0,9,0,0,5684,26,6925,5430,769.44,603.33,0,NA,"1529, 5199"
"MACLAREN CHILDRENS CENTER","4024 NDURFEE AVE","EL MONTE","CA","91759","LOCAL GOVERNMENT",2,2,5,5876,2938,2,0,1,0,2,0,0,0,0,0,0,2,0,0,0,2,0,0,700,4,5245,300,2622.5,300,0,NA,"3220, 3225"
"MADERA COUNTY DEPT OF CORRECTIONS","14191 RD 28","MADERA","CA","93638","LOCAL GOVERNMENT",3,2,2,7,7,1,2,0,0,3,0,0,0,0,0,0,3,2,0,0,2,0,0,94,2,320,320,160,160,0,NA,"5193, 3203"
"MANAGEMENT AND TRAINING CORP TAFT CORRECTION INSTITUTE","1500 CADET RD","TAFT","CA","93268","LOCAL GOVERNMENT",3,3,3,639,213,0,3,0,0,3,0,0,0,0,0,3,0,1,0,2,1,0,2,332,6,7500,5400,2500,2700,0,NA,"3210, 3643, 3203"
"MCCAIN VALLEY CONSERVATION CAMP","HWY 67 LAKESIDE AREA","LAKESIDE","CA","92040","PRIVATE",1,0,0,75,75,0,1,0,1,0,0,0,0,0,0,0,1,0,0,0,0,0,0,100,0,0,0,0,0,0,NA,NA
"MERCED COUNTY JAIL","700 W 22ND STEET","MERCED","CA","95340","LOCAL GOVERNMENT",2,2,4,152,76,2,0,1,0,2,0,0,0,0,0,0,2,0,0,2,2,0,0,42,50,1120,1120,560,560,0,NA,"3362"
"MONTEREY COUNTY SHERIFFS OFFICE","1414 NATIVIDAD RD","SALINAS","CA","93906","LOCAL GOVERNMENT",4,4,4,684,171,4,0,1,0,0,0,0,0,0,0,0,4,0,0,4,4,0,0,800,3200,4500,4500,1125,1125,0,NA,"3395, 5193"
"MULE CREEK STATE PRISON (MCSP)","4001 HWY 4","IONE","CA","95640","STATE GOVERNMENT",15,9,9,6907,460.47,5,10,0,1,14,0,0,0,0,0,0,15,0,0,8,9,0,0,720,31,7600,6300,844.44,700,0,NA,"461, 3328, 4184, 3214, 5144, 4051, 5142, 25000010, 3385"
"N.A. CHADERJIAN YOUTH CORRECTIONAL FACILITY","7650 S NEWCASTLE RD","STOCKTON","CA","95213","STATE GOVERNMENT",22,12,14,6208,282.18,19,3,1,0,22,0,0,0,0,0,0,22,0,0,0,12,0,0,513,16,12725,6225,1060.42,565.91,0,NA,"14300040, 14300004, 3364, 3203, 5142, 5208, 5198"
"NORTH KERN STATE PRISON (NKSP)","2737 W CECIL AVE","DELANO","CA","93215","STATE GOVERNMENT",21,19,21,11727,689.82,21,0,1,1,20,0,0,0,0,0,10,11,5,0,0,16,0,3,1132,98,43445,12165,2286.58,715.59,0,NA,"3273, 14300029, 5193, 5199, 3203, 3362, 3395, 3363, 3366"
"OC SUPERIOR COURT CENTRAL JUSTICE CENTER","550 N FLOWER ST","SANTA ANA","CA","92703","LOCAL GOVERNMENT",1,0,0,78,78,0,1,0,0,1,0,0,0,0,0,0,1,0,0,0,0,0,0,40,0,0,0,0,0,0,NA,NA
"ORANGE COUNTY HEALTH CARE AGENCY","550 N FLOWER ST BLDG 50","SANTA ANA","CA","92703","LOCAL GOVERNMENT",5,5,11,2865,573,5,0,1,0,0,0,0,0,0,0,0,5,5,0,0,5,0,0,20,230,5745,4500,1436.25,4500,0,NA,"342, 5193"
"ORANGE COUNTY SHERIFFS CORONER","550 N FLOWER ST BLDG 50","SANTA ANA","CA","92703","LOCAL GOVERNMENT",8,8,18,4712,589,8,0,1,8,0,0,0,0,0,0,0,8,8,0,0,8,0,0,200,819,6585,6085,1097.5,1014.17,0,NA,"5193, 4650, 342, 14300029"
"PELICAN BAY STATE PRISON (PBSP)","5905 LAKE EARL DR","CRESCENT CITY","CA","95532","STATE GOVERNMENT",3,0,0,375,125,3,0,1,0,3,0,0,0,0,0,0,3,0,0,0,0,0,0,1467,0,0,0,0,0,0,NA,NA
"PITCHESS DETENTION CENTER","29310 THE OLD RD","CASTAIC","CA","91384","LOCAL GOVERNMENT",7,6,6,1928,642.67,2,5,0,2,4,0,0,0,0,0,0,7,4,0,0,6,0,0,302,290,1490,580,248.33,116,0,NA,"3203, 14001, 3395"
"PLEASANT VALLEY STATE PRISON (PVSP)","24863 W JANE AVE","COALINGA","CA","93210","STATE GOVERNMENT",11,8,8,4592,417.45,10,1,1,2,9,0,0,0,0,0,0,11,0,1,5,7,0,1,1483,1686,16960,6250,2120,781.25,0,NA,"6184, 3395, 3362, 23400011, 3203, 23400001"
"R J DONOVAN CORRECTIONAL FACILITY (RJD)","480 ALTA RD","SAN DIEGO","CA","92179","STATE GOVERNMENT",26,24,24,78255,3009.81,25,1,1,14,12,0,0,0,0,0,0,26,0,1,0,22,0,2,10142,2360,17900,13840,745.83,629.09,0,NA,"23400016, 5193, 5144, 3314, 23400012, 3272, 340, 342, 3382, 3329, 3384, 43000040, 3203"
"RICHARD A. MCGEE CORRECTIONAL TRAINING CENTER (CTC)","9850 TWIN CITIES RD","GALT","CA","95632","STATE GOVERNMENT",5,1,100,2169,433.8,5,0,1,1,4,0,0,0,0,0,0,5,0,0,0,1,0,0,2328,100,300,300,300,300,0,NA,"3203"
"SACRAMENTO COUNTY SHERIFFS DEPT","12500 BRUCEVILLE RD","SACRAMENTO","CA","95757","LOCAL GOVERNMENT",1,0,0,131,131,1,0,1,0,1,0,0,0,0,0,0,1,0,0,0,0,0,0,300,0,0,0,0,0,0,NA,NA
"SALINAS VALLEY STATE PRISON (SVSP)","HWY 101","SOLEDAD","CA","93960","STATE GOVERNMENT",31,11,15,2793,90.1,30,1,1,7,24,0,0,0,0,0,0,31,0,0,0,11,0,0,297,19,5100,2325,463.64,258.33,0,NA,"5194, 3203, 3702, 23400012, 25000025, 3328, 23200006"
"SAN BERNARDINO COUNTY PROBATION CVJDAC","900 GILBERT ST","SAN BERNARDINO","CA","92415","LOCAL GOVERNMENT",1,0,0,183,183,1,0,1,0,1,0,0,0,0,0,0,1,0,0,0,0,0,0,225,0,0,0,0,0,0,NA,NA
"SAN FRANCISCO SHERIFFS DEPT COUNTY JAIL 5","1 MORELAND DR","SAN BRUNO","CA","94066","LOCAL GOVERNMENT",1,0,0,8,8,1,0,1,1,0,0,0,0,0,0,0,1,0,0,0,0,0,0,190,0,0,0,0,0,0,NA,NA
"SAN JOAQUIN COUNTY SHERIFF","7000 MICHAEL CANNLIS BLVD","FRENCH CAMP","CA","95231","LOCAL GOVERNMENT",1,0,0,57,57,0,1,0,0,1,0,0,0,0,0,0,1,0,0,0,0,0,0,1000,0,0,0,0,0,0,NA,NA
"SAN QUENTIN STATE PRISON (SQ)","FURNITURE FACTORY SAN QUENTIN","SAN QUENTIN","CA","94964","STATE GOVERNMENT",43,39,62,28242,656.79,42,1,1,22,21,0,0,0,0,0,0,43,0,3,7,31,0,8,10190,2331,141680,43400,3632.82,1496.55,0,"8120 - Fungi, B418 - Bacteria, S227 - Sodium Hypochlorite, 9523 - Black Mold","4002, 3203, 15320001, 3314, 342, 5207, 5198, 4185, 5097, 5194, 5206, 5143, 3272, 3362, 3273, 3364, 5142, 5162, 5141, 5193"
"SANTA CLARA COUNTY MAIN JAIL","150 W HEDDING ST","SAN JOSE","CA","95110","LOCAL GOVERNMENT",1,0,0,36,36,1,0,1,0,1,0,0,0,0,0,0,1,0,0,0,0,0,0,280,0,0,0,0,0,0,NA,NA
"SANTA RITA JAIL","5325 BRODER BLVD","DUBLIN","CA","94568","LOCAL GOVERNMENT",11,8,8,3665,333.18,9,2,1,6,2,0,0,0,0,0,0,11,0,1,2,2,0,6,1113,291,63560,28040,7945,3505,0,NA,"3210, 2940, 2944, 3328, 3203"
"SF JUVENILE PROBATION DEPT JUVENILE JUSTICE CENTER","375 WOODSIDE AVE","SAN FRANCISCO","CA","94127","LOCAL GOVERNMENT",1,1,3,168,168,1,0,1,0,1,0,0,0,0,0,0,1,0,0,0,1,0,0,300,0,375,375,375,375,0,NA,"14300029"
"SHASTA COUNTY SHERIFFS DEPT","1655 W ST","REDDING","CA","96001","LOCAL GOVERNMENT",1,0,0,112,112,1,0,1,0,1,0,0,0,0,0,0,1,0,0,0,0,0,0,90,0,0,0,0,0,0,NA,NA
"SIERRA CONSERVATION CENTER (SCC)","5100 OBYRNES FERRY RD","JAMESTOWN","CA","95327","STATE GOVERNMENT",8,1,1,593,74.12,7,1,1,1,6,0,0,0,0,0,0,7,0,0,0,1,0,0,264,20,225,225,225,225,0,NA,"5208"
"SOLANO COUNTY JUSTICE CENTER","500 UNION AVE","FAIRFIELD","CA","94533","LOCAL GOVERNMENT",1,0,0,51,51,0,1,0,0,1,0,0,0,0,0,0,1,0,0,0,0,0,0,100,0,0,0,0,0,0,NA,NA
"SOLANO COUNTY JUVENILE DETENTION FACILITY","740 BECK AVE","FAIRFIELD","CA","94535","LOCAL GOVERNMENT",2,0,0,62,31,1,1,0,0,2,0,0,0,0,0,0,2,0,0,0,0,0,0,100,0,0,0,0,0,0,NA,NA
"SOUTHERN YOUTH CORR RECEPTION CENTER / CLINIC","13200 SO BLOOMFIELD AVE","NORWALK","CA","90650","STATE GOVERNMENT",8,8,10,5205,743.57,8,0,1,0,8,0,0,0,0,0,0,8,0,0,0,8,0,0,375,1000,2980,2980,372.5,372.5,4295,NA,"5162, 3317, 3328, 3203, 3270, 5142"
"STATE OF CA DIV OF ADULT PAROLE OPERATIONS","1511 E HOLT BLVD","ONTARIO","CA","91761","STATE GOVERNMENT",1,1,5,2427,2427,1,0,1,0,1,0,0,0,0,0,0,1,0,0,0,1,0,0,40,20,375,375,375,375,0,NA,"25710016"
"SUTTER COUNTY SHERIFFS OFFICE","1077 CIVIC CENTER BLVD","YUBA CITY","CA","95993","LOCAL GOVERNMENT",1,0,0,181,181,1,0,1,0,1,0,0,0,0,0,0,1,0,0,0,0,0,0,160,0,0,0,0,0,0,NA,NA
"TEHAMA COUNTY SHERIFFS DEPT","502 OAK ST","RED BLUFF","CA","96080","LOCAL GOVERNMENT",2,2,2,4742,2371,2,0,1,2,0,0,0,0,0,0,0,2,0,0,0,1,0,1,150,300,9370,3750,4685,1875,0,NA,"3203"
"THE GEO GROUP INC","10450 RANCHO RD","ADELANTO","CA","92301","PRIVATE",1,1,1,1351,1351,1,0,1,0,1,0,0,0,0,0,0,1,0,0,0,1,0,0,360,1,185,185,185,185,0,NA,"3577"
"THEO LACY JAIL","501 CITY DR","ORANGE","CA","92868","LOCAL GOVERNMENT",1,0,0,17,17,1,0,1,0,0,1,0,0,0,0,0,1,0,0,0,0,0,0,1000,0,0,0,0,0,0,NA,NA
"TRINITY COUNTY ADULT DETENTION FACILITY","101 MEMORIAL DR","WEAVERVILLE","CA","96093","LOCAL GOVERNMENT",1,0,0,166,166,1,0,1,0,1,0,0,0,0,0,0,1,0,0,0,0,0,0,16,0,0,0,0,0,0,NA,NA
"USP ATWATER","1 FEDERAL WAY","ATWATER","CA","95301","FEDERAL GOVERNMENT",7,6,6,810,115.71,4,3,1,0,6,1,0,0,0,0,0,6,3,1,0,2,1,3,324,1203,0,0,0,0,0,NA,"19101030, 19100132, 19040040, 19100023, 19100242"
"USP VICTORVILLE","US PENITENTIARY13777 AIR EXPRESSWAY BLVD","VICTORVILLE","CA","92394","FEDERAL GOVERNMENT",80,79,145,16424,205.3,79,1,1,0,1,1,0,0,78,0,78,2,23,50,0,6,4,69,852,480,0,0,0,0,0,NA,"19100147, 19100212, 19100303, 19100157, 19100304, 19100305, 19100334, 19100165, 19101200, 19100253, 19100036, 19100151, 19100243, 19100132"
"VALLEY STATE PRISON (VSP)","21633 AVE 24","CHOWCHILLA","CA","93610","STATE GOVERNMENT",12,12,12,4390,487.78,10,2,1,6,5,0,0,0,0,0,0,12,0,3,8,7,0,5,682,25,51410,50075,4284.17,4172.92,0,NA,"3273, 3203, 3277, 3314, 4184, 3577, 4070, 3578"
"VENTURA COUNTY SHERIFFS DEPT","425 DURLEY AVE","CAMARILLO","CA","93010","LOCAL GOVERNMENT",5,5,7,1241,248.2,5,0,1,2,3,0,0,0,0,0,0,5,2,0,0,5,0,0,33,76,2380,980,476,326.67,0,NA,"3203, 3395, 5031, 5162, 23400016"
"VENTURA COUNTY SHERIFFS OFFICE","800 S VICTORIA AVE","VENTURA","CA","93009","LOCAL GOVERNMENT",3,3,3,693,231,0,3,0,0,0,0,0,0,0,1,0,3,0,1,1,2,0,1,11,6,12310,12310,4103.33,4103.33,0,NA,"342, 3273, 4184"
"VENTURA YOUTH CORRECTIONAL FACILITY","3100 WRIGHT RD","CAMARILLO","CA","93010","STATE GOVERNMENT",10,9,15,3589,358.9,8,2,1,2,8,0,0,0,0,0,0,10,0,1,0,9,0,0,437,58,4720,2850,524.44,407.14,0,NA,"14300040, 3203, 3650, 3395, 23400016, 43000029"
"WASCO STATE PRISON (WSP)","701 SCOFIELD AVE","WASCO","CA","93280","STATE GOVERNMENT",3,1,1,302,100.67,3,0,1,0,3,0,0,0,0,0,0,3,0,0,0,1,0,0,1633,1,300,300,300,300,0,NA,"3362"
